ID,Gender,Ever_Married,Age,Graduated,Profession,Work_Experience,Spending_Score,Family_Size,Segmentation
458989,Female,Yes,36,Yes,Engineer,0,Low,1,B
458994,Male,Yes,37,Yes,Healthcare,8,Average,4,A
458996,Female,Yes,69,No,Retired,0,Low,1,A
459000,Male,Yes,59,No,Executive,11,High,2,B
459001,Female,No,19,No,Marketing,0,Low,4,A
459003,Male,Yes,47,Yes,Doctor,0,High,5,C
459005,Male,Yes,61,Yes,Doctor,5,Low,3,D
459008,Female,Yes,47,Yes,Artist,1,Average,3,D
459013,Male,Yes,50,Yes,Artist,2,Average,4,B
459014,Male,No,19,No,Healthcare,0,Low,4,B
459015,Male,No,22,No,Healthcare,0,Low,3,D
459016,Female,No,22,No,Healthcare,0,Low,6,D
459024,Male,Yes,50,Yes,Artist,1,Average,5,A
459026,Male,No,27,No,Healthcare,8,Low,3,D
459032,Male,No,18,No,Doctor,0,Low,3,D
459033,Female,Yes,61,Yes,Artist,0,Low,1,C
459036,Female,Yes,20,Yes,Lawyer,1,Average,3,D
459039,Male,Yes,45,Yes,Artist,1,Average,2,B
459041,Male,Yes,55,Yes,Artist,8,Low,1,B
459045,Female,Yes,88,Yes,Lawyer,1,Average,4,C
459056,Male,Yes,63,No,Executive,20,High,3,A
459057,Male,Yes,69,No,Lawyer,50,High,1,D
459058,Male,No,42,Yes,Artist,0,Low,4,A
459059,Male,Yes,79,No,Executive,50,High,2,B
459061,Female,Yes,35,Yes,Healthcare,9,High,3,B
459064,Male,Yes,27,No,Executive,5,High,4,B
459065,Male,Yes,52,Yes,Engineer,30,Low,2,A
459074,Female,No,29,Yes,Healthcare,0,Low,4,B
459077,Female,Yes,79,No,Lawyer,1,High,2,A
459079,Male,Yes,87,Yes,Lawyer,70,High,2,C
459080,Male,Yes,89,No,Lawyer,1,Low,2,C
459083,Male,Yes,63,Yes,Artist,9,Average,3,A
459090,Male,No,31,No,Artist,1,Low,2,B
459091,Male,Yes,72,Yes,Artist,1,Average,6,D
459093,Female,Yes,41,Yes,Doctor,9,Average,2,D
459100,Female,No,61,Yes,Artist,11,Low,1,C
459106,Male,Yes,62,Yes,Artist,0,Low,2,A
459114,Male,Yes,56,Yes,Artist,1,Average,2,B
459116,Male,Yes,60,Yes,Artist,2,Average,5,C
459117,Male,Yes,68,Yes,Artist,0,High,2,B
459118,Male,No,19,No,Healthcare,0,Low,8,A
459119,Male,Yes,57,Yes,Executive,8,High,3,D
459120,Male,No,19,No,Healthcare,5,Low,5,A
459121,Female,Yes,51,Yes,Artist,3,Average,6,C
459123,Female,Yes,86,No,Artist,1,High,2,A
459130,Female,Yes,74,No,Lawyer,1,High,2,C
459132,Male,No,23,No,Entertainment,6,Low,2,B
459136,Male,Yes,47,Yes,Artist,0,Average,2,D
459140,Female,No,19,No,Healthcare,7,Low,6,D
459143,Male,Yes,50,No,Artist,0,High,4,B
459144,Male,Yes,80,Yes,Lawyer,60,High,2,B
459145,Male,Yes,78,No,Lawyer,58,Low,1,C
459150,Female,No,48,Yes,Doctor,0,Low,1,A
459160,Male,Yes,70,Yes,Doctor,1,Average,2,B
459161,Male,Yes,50,Yes,Executive,3,High,5,D
459162,Female,Yes,83,Yes,Lawyer,0,High,2,C
459163,Male,No,35,Yes,Entertainment,0,Low,1,A
459167,Female,No,36,Yes,Artist,0,Low,2,D
459170,Female,No,35,Yes,Artist,1,Low,1,B
459171,Male,Yes,35,Yes,Artist,0,Average,2,D
459172,Male,No,18,No,Healthcare,3,Low,3,C
459175,Female,Yes,73,Yes,Artist,1,Average,2,C
459181,Male,Yes,62,No,Artist,1,High,3,A
459182,Female,Yes,46,Yes,Artist,1,Average,2,A
459184,Male,Yes,43,Yes,Entertainment,0,Low,4,A
459185,Female,No,32,Yes,Entertainment,7,Low,1,D
459193,Male,No,39,Yes,Artist,0,Low,1,C
459194,Female,Yes,89,Yes,Lawyer,0,High,2,A
459196,Female,No,18,No,Healthcare,0,Low,3,B
459208,Female,Yes,57,Yes,Artist,0,High,2,B
459209,Female,No,18,No,Entertainment,0,Low,4,D
459210,Female,Yes,71,Yes,Artist,1,High,2,C
459212,Female,Yes,69,Yes,Artist,0,Average,2,C
459213,Female,No,42,Yes,Healthcare,0,Low,4,D
459216,Female,No,36,Yes,Artist,0,Low,2,B
459220,Female,Yes,80,Yes,Lawyer,1,High,2,D
459221,Male,Yes,69,No,Entertainment,50,Low,1,B
459222,Female,Yes,67,Yes,Artist,0,Average,3,A
459223,Female,Yes,47,Yes,Doctor,1,Average,4,C
459224,Female,Yes,49,Yes,Artist,0,Average,2,D
459227,Female,Yes,32,No,Engineer,9,Low,4,A
459229,Female,Yes,65,Yes,Lawyer,1,Average,4,D
459236,Female,Yes,78,No,Lawyer,0,High,2,D
459237,Male,No,33,Yes,Artist,1,Low,6,D
459244,Male,Yes,48,Yes,Artist,1,Low,1,D
459247,Male,Yes,58,Yes,Executive,1,Average,5,A
459258,Female,Yes,83,Yes,Lawyer,1,High,1,C
459263,Female,No,30,No,Healthcare,9,Low,4,A
459264,Female,No,35,Yes,Artist,0,Low,2,D
459266,Male,No,32,Yes,Healthcare,6,Low,5,D
459270,Male,Yes,69,Yes,Homemaker,1,High,2,B
459284,Female,Yes,71,Yes,Lawyer,1,High,2,C
459287,Male,No,43,Yes,Lawyer,0,Low,1,C
459288,Male,Yes,37,Yes,Artist,0,Low,2,A
459289,Male,No,42,Yes,Doctor,0,Low,1,B
459290,Female,Yes,70,Yes,Doctor,1,Average,2,C
459292,Male,No,46,Yes,Artist,0,Low,2,B
459293,Male,No,21,No,Healthcare,2,Low,1,C
459296,Male,Yes,70,Yes,Artist,0,Average,2,B
459300,Female,Yes,61,Yes,Artist,1,Low,1,B
459307,Male,Yes,60,Yes,Entertainment,1,Low,1,C
459310,Male,No,37,Yes,Entertainment,0,Low,2,B
459316,Male,Yes,30,Yes,Healthcare,1,Low,2,A
459318,Female,No,32,Yes,Engineer,1,Low,3,D
459320,Male,Yes,26,Yes,Executive,0,Low,3,D
459322,Male,No,42,Yes,Marketing,0,Low,1,A
459323,Female,No,18,No,Doctor,0,Low,1,D
459338,Male,Yes,80,No,Executive,60,Low,1,D
459339,Male,Yes,29,Yes,Healthcare,8,High,2,C
459344,Female,Yes,88,Yes,Artist,1,High,2,D
459347,Male,Yes,70,Yes,Lawyer,1,Low,1,A
459349,Female,Yes,50,Yes,Artist,1,High,4,B
459352,Male,Yes,43,Yes,Doctor,4,Average,4,B
459353,Male,Yes,51,Yes,Artist,6,Average,2,B
459354,Female,Yes,50,Yes,Artist,30,High,3,B
459355,Female,Yes,74,No,Homemaker,0,Low,1,B
459360,Female,No,29,Yes,Healthcare,9,Low,3,A
459361,Female,No,32,Yes,Engineer,12,Low,2,D
459362,Male,Yes,60,No,Executive,0,Low,2,D
459363,Male,No,46,Yes,Artist,2,Low,1,C
459364,Female,Yes,81,Yes,Marketing,0,Low,2,B
459369,Male,Yes,41,No,Engineer,21,Average,7,A
459375,Male,Yes,22,No,Executive,0,High,4,A
459377,Male,Yes,37,Yes,Artist,0,Average,3,D
459383,Male,Yes,43,No,Engineer,0,Low,1,D
459384,Male,Yes,50,Yes,Artist,1,Average,3,D
459385,Female,Yes,35,Yes,Artist,1,Average,2,A
459386,Male,Yes,65,No,Lawyer,1,High,2,C
459391,Female,No,41,Yes,Engineer,0,Low,4,B
459394,Male,No,28,No,Entertainment,8,Low,2,D
459397,Male,Yes,55,Yes,Artist,4,Average,2,A
459398,Female,Yes,58,No,Lawyer,38,High,2,B
459401,Male,No,28,No,Healthcare,1,Low,3,C
459403,Male,Yes,48,Yes,Artist,0,Average,4,B
459405,Female,Yes,78,No,Doctor,1,High,2,B
459407,Female,No,35,Yes,Doctor,1,Low,3,A
459409,Female,Yes,76,Yes,Lawyer,0,High,2,B
459410,Female,Yes,88,Yes,Lawyer,1,High,2,A
459412,Male,Yes,61,Yes,Lawyer,1,Average,3,D
459413,Female,Yes,79,Yes,Artist,0,High,2,B
459415,Male,No,30,No,Doctor,0,Low,4,A
459418,Male,Yes,69,No,Executive,0,High,2,C
459419,Male,Yes,65,Yes,Doctor,1,Average,2,B
459420,Female,Yes,70,Yes,Lawyer,1,Low,2,C
459421,Male,Yes,32,No,Healthcare,0,Average,4,D
459422,Male,Yes,46,Yes,Entertainment,1,Low,4,A
459423,Male,No,21,No,Healthcare,8,Low,5,A
459424,Male,Yes,47,Yes,Doctor,1,Low,3,B
459428,Female,No,39,No,Marketing,0,Low,2,D
459432,Male,Yes,85,Yes,Lawyer,0,Low,3,C
459436,Female,No,66,Yes,Artist,0,Low,2,A
459439,Female,Yes,50,Yes,Artist,1,Average,2,A
459445,Female,Yes,42,Yes,Artist,0,Average,3,B
459447,Male,Yes,53,Yes,Artist,9,Low,1,C
459449,Male,Yes,37,Yes,Artist,1,Low,2,A
459451,Female,Yes,45,Yes,Artist,1,Low,2,D
459456,Female,No,66,No,Lawyer,1,Low,1,A
459458,Male,No,33,No,Marketing,1,Low,,C
459459,Male,Yes,40,Yes,Artist,4,Low,1,A
459461,Female,Yes,35,Yes,Artist,1,Low,1,B
459464,Male,No,27,Yes,Artist,1,Low,2,A
459466,Female,Yes,48,Yes,Artist,0,Average,3,A
459467,Female,Yes,56,Yes,Artist,0,Average,2,B
459469,Male,Yes,25,Yes,Healthcare,1,Low,6,B
459471,Female,No,30,No,Artist,1,Low,8,A
459480,Female,Yes,46,Yes,Entertainment,7,Low,3,C
459481,Male,Yes,49,No,Lawyer,0,Low,2,C
459482,Male,Yes,72,No,Marketing,1,Low,4,C
459485,Female,Yes,79,Yes,Lawyer,1,High,2,C
459496,Female,No,35,Yes,Artist,1,Low,3,A
459497,Female,Yes,77,Yes,Lawyer,0,Low,1,B
459499,Female,Yes,79,No,Lawyer,1,High,2,C
459503,Male,Yes,42,Yes,Healthcare,6,High,4,D
459505,Female,No,42,Yes,Engineer,1,Low,1,A
459507,Male,Yes,67,No,Lawyer,1,High,2,B
459509,Male,No,26,Yes,Healthcare,1,Low,1,B
459512,Male,Yes,67,Yes,Lawyer,1,High,2,A
459515,Male,Yes,55,Yes,Engineer,1,Low,1,D
459516,Female,Yes,56,Yes,Artist,5,Average,2,D
459518,Male,Yes,63,,Engineer,5,Average,4,A
459535,Male,Yes,46,Yes,Artist,8,Average,2,C
459536,Male,Yes,32,Yes,Healthcare,7,Low,2,D
459538,Female,No,49,Yes,Homemaker,13,Low,1,B
459541,Male,Yes,59,Yes,Artist,1,High,2,C
459549,Male,No,22,No,Healthcare,8,Low,5,D
459555,Female,No,28,Yes,Artist,8,Low,1,B
459558,Male,No,28,Yes,Entertainment,1,Low,3,A
459564,Male,Yes,75,Yes,Lawyer,2,Low,1,D
459566,Female,Yes,37,Yes,Artist,13,Low,2,A
459567,Male,Yes,50,Yes,Doctor,0,Average,2,B
459571,Female,Yes,50,Yes,Executive,1,High,4,C
459576,Female,Yes,88,No,Lawyer,60,Low,4,B
459579,Female,Yes,35,Yes,Artist,3,Average,5,A
459581,Female,No,35,No,Lawyer,15,Low,1,C
459582,Male,Yes,31,No,Entertainment,5,Average,3,A
459583,Male,Yes,46,Yes,Artist,0,Low,1,C
459585,Female,Yes,50,Yes,Artist,1,Average,4,C
459587,Female,No,33,Yes,Artist,7,Low,3,A
459588,Male,Yes,49,Yes,Artist,0,Low,1,A
459591,Male,Yes,52,Yes,Artist,1,Average,3,C
459592,Male,No,25,No,Healthcare,0,Low,3,D
459594,Female,Yes,41,Yes,Artist,6,Low,1,D
459597,Female,Yes,68,Yes,Artist,0,High,2,D
459603,Female,Yes,79,No,Lawyer,2,High,2,A
459607,Male,Yes,40,Yes,Entertainment,5,Average,5,A
459608,Female,No,62,Yes,Doctor,40,Low,1,D
459612,Male,No,21,No,Healthcare,0,Low,2,D
459616,Female,No,20,No,Healthcare,0,Low,4,D
459617,Male,No,28,Yes,Entertainment,1,Low,5,C
459618,Male,Yes,57,Yes,Doctor,0,Average,2,B
459621,Female,No,25,No,Healthcare,8,Low,1,A
459625,Female,Yes,63,No,Engineer,8,Low,1,B
459626,Female,Yes,26,No,Entertainment,1,Low,3,D
459632,Female,Yes,50,No,Marketing,0,High,3,C
459644,Female,No,30,No,Marketing,9,Low,4,D
459652,Female,No,26,No,Engineer,5,Low,4,B
459658,Male,Yes,61,Yes,Artist,1,Average,3,C
459664,Male,No,42,Yes,Artist,3,Low,1,A
459665,Male,Yes,88,Yes,Artist,4,Low,2,A
459672,Male,Yes,45,No,Artist,3,Average,3,A
459673,Female,Yes,86,Yes,Lawyer,1,Low,1,C
459678,Male,No,18,No,Healthcare,1,Low,5,A
459680,Male,No,37,Yes,Entertainment,1,Low,1,B
459686,Male,Yes,46,Yes,Artist,1,Low,1,A
459691,Male,Yes,58,No,Artist,1,Average,2,D
459692,Female,Yes,72,Yes,Lawyer,8,High,2,A
459693,Female,Yes,50,Yes,Artist,0,High,3,C
459699,Female,No,56,Yes,Engineer,8,Average,3,A
459701,Male,No,46,No,Artist,3,Low,3,D
459710,Male,Yes,57,Yes,Artist,1,Low,1,D
459711,Male,Yes,42,No,Executive,9,High,6,D
459712,Male,No,20,No,Healthcare,1,Low,4,D
459713,Male,No,19,No,Healthcare,1,Low,3,C
459715,Male,No,19,No,Healthcare,4,Low,4,D
459718,Male,Yes,68,Yes,Executive,1,Low,1,B
459725,Female,Yes,40,Yes,Artist,0,Low,2,A
459727,Male,Yes,82,No,Lawyer,1,High,2,D
459740,Female,No,23,No,Healthcare,1,Low,3,D
459742,Female,Yes,84,No,Lawyer,1,High,2,D
459745,Male,Yes,51,No,Artist,0,Low,4,C
459746,Male,Yes,59,Yes,Artist,1,Average,2,B
459747,Female,Yes,41,Yes,Artist,1,Average,5,C
459748,Male,Yes,51,No,Executive,1,High,2,B
459755,Female,Yes,62,No,Artist,11,Average,3,C
459756,Female,Yes,62,No,Lawyer,1,High,4,C
459760,Female,Yes,38,Yes,Artist,8,Low,1,A
459763,Male,No,18,No,Artist,0,Low,4,D
459767,Male,No,22,No,Healthcare,3,Low,4,D
459771,Female,No,30,Yes,Doctor,0,Low,3,A
459779,Female,Yes,62,Yes,Entertainment,1,Low,1,B
459780,Female,No,43,No,Entertainment,1,Low,3,A
459785,Female,No,32,Yes,Engineer,10,Low,1,D
459793,Male,Yes,37,Yes,Artist,1,High,1,B
459795,Male,No,48,Yes,Artist,1,Low,1,B
459801,Female,No,31,Yes,Engineer,4,Low,2,B
459804,Male,Yes,46,No,Artist,4,High,4,C
459806,Female,Yes,49,No,Engineer,1,Average,4,A
459808,Male,Yes,43,No,Doctor,0,Average,4,A
459815,Male,No,42,Yes,Artist,8,Low,1,A
459816,Male,Yes,37,Yes,Doctor,0,Low,2,A
459819,Male,Yes,72,Yes,Entertainment,0,High,2,C
459821,Male,Yes,71,No,Executive,0,High,1,A
459822,Female,No,39,Yes,Engineer,1,Low,1,D
459825,Male,No,20,No,Healthcare,0,Low,5,D
459827,Female,No,26,No,,0,Low,1,A
459832,Male,Yes,72,Yes,Executive,1,Low,1,D
459845,Male,Yes,70,Yes,Healthcare,0,Low,1,B
459851,Male,No,45,Yes,Artist,2,Low,1,C
459853,Male,No,33,No,Executive,7,Low,5,D
459856,Male,Yes,50,No,Entertainment,0,Average,3,C
459857,Male,No,31,Yes,Entertainment,6,Low,1,A
459861,Female,Yes,74,No,Lawyer,1,High,2,B
459864,Female,Yes,68,No,Artist,0,High,2,A
459866,Female,No,49,Yes,Artist,0,Low,1,D
459867,Male,Yes,49,Yes,Marketing,0,High,2,C
459869,Female,No,18,No,Healthcare,1,Low,3,A
459871,Female,Yes,85,No,Entertainment,2,Average,2,C
459885,Female,No,38,Yes,Entertainment,0,Low,4,A
459886,Male,Yes,28,No,Artist,0,Low,4,A
459887,Male,Yes,46,No,Artist,3,Average,2,D
459889,Male,Yes,59,Yes,Homemaker,9,Average,3,B
459897,Female,Yes,56,Yes,Artist,0,Low,2,B
459909,Male,Yes,69,Yes,Artist,0,Low,1,C
459910,Male,Yes,66,Yes,Artist,0,Low,2,C
459911,Male,No,18,No,Healthcare,4,Low,6,D
459914,Male,No,36,Yes,Artist,4,Low,1,A
459923,Male,No,31,Yes,Marketing,1,Low,2,B
459925,Male,Yes,67,No,Executive,1,High,2,D
459937,Female,No,39,Yes,Artist,7,Low,1,D
459943,Male,No,42,Yes,Entertainment,4,Low,3,C
459945,Male,Yes,50,Yes,Artist,0,Low,2,A
459946,Female,Yes,37,Yes,Artist,0,Average,2,D
459949,Female,No,59,Yes,Artist,0,Low,1,C
459953,Male,Yes,50,Yes,Artist,8,Low,2,D
459961,Male,Yes,48,Yes,Artist,8,Low,3,B
459962,Male,Yes,55,Yes,Artist,9,Low,1,B
459966,Female,No,33,Yes,Doctor,1,Low,3,A
459968,Male,No,38,Yes,Artist,13,Low,1,A
459970,Male,No,43,Yes,Artist,0,Low,2,A
459973,Female,No,53,Yes,Artist,0,Low,2,A
459974,Male,No,37,Yes,Entertainment,0,Low,1,B
459975,Female,No,36,Yes,Artist,5,Low,1,A
459981,Male,No,36,Yes,Artist,5,Low,1,A
459986,Male,Yes,62,Yes,Artist,1,Low,1,D
459995,Female,No,38,No,Artist,2,Low,2,B
459996,Male,No,55,Yes,Entertainment,1,Low,1,B
459998,Male,Yes,60,No,Entertainment,1,Average,2,C
460004,Female,Yes,36,Yes,Entertainment,7,Average,2,A
460006,Male,No,30,No,Entertainment,5,Low,9,D
460014,Female,No,66,No,Entertainment,4,Low,3,A
460023,Male,Yes,45,Yes,Entertainment,1,Low,1,D
460027,Female,No,40,Yes,Entertainment,6,Low,,C
460033,Female,No,45,Yes,Entertainment,5,Low,3,D
460036,Male,Yes,41,Yes,Lawyer,2,Low,1,B
460040,Female,Yes,62,Yes,Homemaker,4,Low,1,A
460045,Male,Yes,61,Yes,Artist,1,Low,2,C
460046,Female,Yes,50,Yes,Artist,4,Low,2,D
460050,Male,Yes,53,Yes,Entertainment,3,Low,2,A
460051,Male,No,39,Yes,Artist,7,Low,1,A
460052,Female,No,86,Yes,Lawyer,0,Low,1,D
460058,Male,Yes,50,Yes,Artist,1,Low,1,B
460059,Female,No,46,No,Entertainment,4,Low,1,A
460061,Male,No,52,Yes,Marketing,0,Low,1,B
460066,Female,No,45,No,Marketing,0,Low,1,B
460068,Female,No,37,Yes,Artist,9,Low,1,A
460073,Female,Yes,36,Yes,Engineer,3,Low,1,B
460075,Female,No,25,Yes,Artist,4,Low,1,D
460079,Female,No,40,No,Doctor,1,Low,1,B
460081,Male,Yes,41,Yes,Artist,11,High,2,A
460088,Female,Yes,25,Yes,Homemaker,0,High,2,B
460090,Male,Yes,80,No,Lawyer,4,Average,2,B
460093,Female,No,46,Yes,Artist,3,Low,1,A
460095,Female,Yes,81,Yes,Lawyer,1,Low,1,D
460097,Male,Yes,40,Yes,Artist,0,Low,2,B
460099,Male,No,49,Yes,Lawyer,5,Low,1,A
460101,Female,No,26,Yes,Healthcare,8,Low,3,D
460103,Male,No,26,Yes,Artist,1,Low,1,D
460105,Female,No,47,Yes,Artist,0,Low,1,A
460106,Female,Yes,71,Yes,Entertainment,0,Low,1,A
460107,Male,Yes,48,Yes,Engineer,1,Average,5,C
460108,Male,Yes,39,Yes,Artist,1,Average,3,B
460109,Male,Yes,50,Yes,Artist,8,Average,2,B
460110,Female,No,46,Yes,Artist,1,Low,2,B
460112,Male,Yes,26,Yes,Engineer,8,Average,2,D
460116,Female,Yes,42,Yes,Healthcare,1,Low,2,D
460118,Female,Yes,36,Yes,Artist,4,Low,2,D
460119,Male,No,29,Yes,Healthcare,1,Low,4,D
460122,Female,No,39,No,Artist,1,Low,1,A
460124,Female,No,41,Yes,Artist,0,Low,3,B
460126,Female,Yes,48,Yes,Marketing,8,Low,2,C
460134,Male,Yes,40,Yes,Entertainment,9,High,3,C
460135,Female,No,25,Yes,Healthcare,4,Low,3,A
460140,Female,Yes,41,Yes,Artist,7,Low,2,A
460141,Male,No,37,Yes,Artist,11,Low,1,A
460144,Female,No,53,Yes,Doctor,0,Low,,A
460146,Female,Yes,51,Yes,Engineer,0,Average,3,A
460147,Male,Yes,73,Yes,Entertainment,1,Average,3,D
460157,Male,Yes,61,No,Engineer,40,Low,5,D
460160,Male,No,39,Yes,Entertainment,5,Low,1,A
460162,Female,No,19,No,Healthcare,0,Low,4,D
460166,Female,No,19,No,Healthcare,0,Low,7,A
460167,Female,No,23,No,Entertainment,1,Low,5,D
460168,Male,Yes,83,Yes,Executive,0,High,2,A
460171,Female,Yes,62,Yes,Artist,1,High,2,C
460174,Female,No,43,Yes,Artist,9,Low,4,C
460175,Female,No,27,No,Artist,0,Low,5,A
460177,Male,No,50,Yes,Artist,0,Low,1,B
460179,Female,No,23,No,Entertainment,0,Low,6,D
460183,Male,No,35,No,Entertainment,9,Low,2,D
460185,Male,No,32,No,Healthcare,9,Low,3,D
460187,Female,No,42,Yes,Doctor,2,Low,3,C
460189,Male,No,33,No,Entertainment,13,Low,1,A
460190,Female,No,28,Yes,Entertainment,9,Low,3,D
460192,Male,Yes,35,Yes,Healthcare,1,Low,2,A
460196,Female,No,35,Yes,Healthcare,9,Low,2,D
460206,Female,Yes,39,Yes,Entertainment,0,Low,2,A
460211,Male,Yes,28,,Artist,6,Low,1,A
460212,Male,Yes,35,Yes,Entertainment,11,Low,6,A
460214,Female,Yes,45,Yes,Engineer,0,Average,2,C
460222,Female,Yes,73,Yes,Lawyer,4,High,50,A
460223,Male,No,52,No,Entertainment,1,Low,1,A
460227,Male,No,28,No,Healthcare,0,Low,3,A
460242,Male,Yes,38,Yes,Healthcare,9,Low,3,A
460243,Female,No,42,Yes,Entertainment,8,Low,1,C
460247,Female,No,26,No,Doctor,9,Low,5,B
460248,Female,No,27,Yes,Healthcare,7,Low,2,B
460252,Male,Yes,41,Yes,Artist,0,Low,2,B
460263,Male,Yes,41,Yes,Artist,1,Low,2,B
460265,Male,Yes,47,Yes,Executive,0,High,4,D
460270,Male,No,35,Yes,Doctor,8,Low,1,A
460272,Female,No,88,Yes,Lawyer,0,Low,1,B
460275,Female,No,46,Yes,Artist,6,Low,1,B
460276,Female,Yes,41,Yes,Artist,3,Low,2,A
460281,Female,No,30,Yes,Doctor,10,Low,5,B
460283,Male,Yes,43,Yes,Doctor,12,Low,2,A
460284,Female,No,29,Yes,Entertainment,9,Low,2,A
460287,Male,Yes,48,Yes,Artist,1,Low,1,B
460289,Female,Yes,61,Yes,Artist,4,Average,6,B
460298,Female,No,51,Yes,Lawyer,2,Low,1,B
460303,Female,No,38,Yes,Artist,2,Low,1,A
460305,Female,No,49,Yes,Entertainment,0,High,1,A
460306,Female,No,43,Yes,Healthcare,9,Low,1,D
460310,Male,No,27,No,Healthcare,14,Low,4,A
460315,Female,No,35,No,Doctor,14,Low,6,A
460319,Female,Yes,39,No,Doctor,4,Average,2,B
460322,Female,Yes,52,No,Engineer,9,Low,,B
460323,Female,No,38,Yes,Engineer,10,Low,1,B
460324,Female,No,30,Yes,Entertainment,12,Low,2,D
460327,Female,No,43,Yes,Artist,10,Low,1,D
460333,Female,No,42,No,Entertainment,10,Low,4,D
460336,Female,No,46,Yes,Artist,2,Low,1,B
460340,Female,No,47,Yes,Artist,11,Low,2,B
460341,Female,No,32,No,Entertainment,13,Low,5,B
460344,Female,Yes,53,Yes,Artist,11,Average,2,D
460346,Female,Yes,43,Yes,Artist,12,Average,10,A
460348,Female,No,39,Yes,Artist,0,Low,2,A
460349,Male,No,42,Yes,Artist,3,Average,2,A
460354,Female,No,37,Yes,Artist,3,Low,1,B
460356,Male,No,19,No,Healthcare,0,Low,4,D
460358,Male,No,30,No,Marketing,1,Low,1,D
460361,Female,Yes,49,Yes,Artist,0,Low,1,A
460362,Male,Yes,55,Yes,Healthcare,0,Low,3,B
460365,Female,Yes,59,Yes,Doctor,1,Low,2,C
460369,Female,Yes,46,Yes,Artist,20,Low,2,C
460370,Female,Yes,27,Yes,Executive,9,High,2,B
460371,Female,No,25,Yes,Artist,1,Low,2,B
460378,Female,No,37,Yes,Doctor,1,Low,1,B
460379,Male,No,38,Yes,Artist,9,Low,3,A
460380,Male,No,29,Yes,Entertainment,9,Low,3,D
460381,Male,No,28,Yes,Artist,11,Low,2,A
460384,Female,Yes,27,Yes,Marketing,8,Low,2,D
460387,Female,No,42,No,Entertainment,3,Low,2,D
460388,Female,No,43,Yes,Artist,14,Low,2,B
460389,Female,Yes,40,Yes,Healthcare,8,Average,2,A
460390,Male,No,41,Yes,Artist,9,Low,3,B
460392,Male,Yes,46,No,Entertainment,8,Low,1,B
460394,Female,No,32,Yes,Healthcare,9,Low,3,D
460397,Female,No,56,Yes,Entertainment,1,Low,1,C
460399,Male,No,28,Yes,Marketing,12,Low,1,A
460401,Female,No,25,Yes,Artist,0,Low,3,A
460404,Male,Yes,42,Yes,Artist,6,Low,7,C
460405,Female,No,41,Yes,Entertainment,5,Low,2,C
460406,Male,Yes,36,Yes,Healthcare,3,Low,2,C
460408,Female,No,42,Yes,Artist,2,Low,1,A
460409,Female,No,42,Yes,Artist,8,Low,4,C
460415,Female,No,55,Yes,Entertainment,1,Low,2,B
460422,Male,Yes,52,Yes,Entertainment,1,High,30,D
460431,Female,No,47,Yes,Engineer,1,Low,1,A
460434,Male,Yes,57,Yes,Artist,2,High,3,B
460437,Female,No,26,Yes,Artist,8,Low,1,D
460440,Female,No,28,No,Artist,5,Low,2,B
460443,Female,No,37,Yes,Doctor,0,Low,1,D
460447,Male,No,89,No,Lawyer,0,Low,1,D
460449,Male,No,25,No,Marketing,2,Low,1,D
460450,Male,Yes,50,Yes,Executive,1,High,4,C
460453,Female,No,42,Yes,Doctor,5,Low,1,B
460454,Male,No,48,Yes,Artist,,Low,1,C
460457,Female,No,37,Yes,Entertainment,9,Low,17,D
460459,Female,No,30,No,Engineer,1,Low,5,D
460460,Male,Yes,26,No,Entertainment,2,Low,4,A
460467,Female,Yes,47,Yes,Artist,30,Average,2,B
460470,Male,No,36,No,Healthcare,16,Low,4,D
460476,Male,Yes,53,No,Doctor,39,Average,4,A
460477,Male,No,30,No,Entertainment,1,Low,6,A
460484,Female,No,20,No,Healthcare,4,Low,7,D
460485,Female,No,19,No,Marketing,8,Low,5,D
460489,Male,No,19,No,Healthcare,9,Low,6,D
460492,Female,No,37,No,Marketing,12,Low,5,D
460495,Male,No,20,No,Healthcare,0,Low,6,D
460504,Male,Yes,39,No,Executive,15,Average,3,A
460505,Female,No,26,Yes,Engineer,1,Low,3,D
460507,Male,No,31,No,Doctor,0,Low,4,A
460508,Male,Yes,31,Yes,Healthcare,2,High,3,A
460518,Female,Yes,41,Yes,Engineer,9,Average,3,A
460522,Female,Yes,32,No,Homemaker,5,Average,2,D
460541,Female,Yes,42,Yes,Homemaker,0,Average,3,D
460542,Female,Yes,89,No,Lawyer,1,Low,60,B
460545,Male,Yes,78,No,Lawyer,1,High,3,B
460546,Female,Yes,65,Yes,Lawyer,1,Low,2,D
460547,Female,Yes,48,Yes,Homemaker,0,Average,1,A
460549,Male,No,36,Yes,Artist,8,Low,2,C
460550,Female,Yes,55,Yes,Artist,0,Average,4,C
460551,Male,Yes,52,Yes,Engineer,0,Average,2,B
460555,Male,Yes,52,Yes,Homemaker,7,Average,3,D
460556,Female,Yes,41,Yes,Artist,1,Low,1,D
460558,Female,Yes,36,Yes,Engineer,5,Low,1,D
460561,Female,No,37,No,Engineer,7,Low,1,C
460563,Female,No,40,No,Healthcare,1,Low,2,A
460566,Male,Yes,38,Yes,Homemaker,5,Average,2,B
460571,Male,No,25,No,Doctor,0,Low,3,B
460572,Female,No,33,Yes,Engineer,1,Low,4,A
460574,Male,No,26,Yes,Artist,1,Low,1,C
460582,Female,No,28,No,Entertainment,0,Low,1,D
460583,Male,No,18,No,Marketing,0,Low,6,B
460585,Male,No,52,No,Entertainment,0,Low,3,A
460586,Male,No,26,Yes,Healthcare,0,Low,2,D
460588,Male,No,18,No,Healthcare,0,Low,4,D
460597,Female,No,20,No,Marketing,1,Low,2,D
460598,Female,Yes,36,Yes,Doctor,0,Average,3,B
460605,Male,Yes,27,Yes,Doctor,8,Average,2,A
460606,Male,No,21,No,Healthcare,0,Low,5,D
460612,Male,No,27,Yes,Entertainment,8,Low,4,D
460615,Female,No,28,Yes,Healthcare,7,Low,6,D
460618,Male,Yes,63,Yes,Lawyer,40,Low,4,A
460619,Male,No,48,Yes,Entertainment,30,Low,9,A
460621,Male,Yes,80,Yes,Lawyer,1,Low,2,D
460622,Female,Yes,71,Yes,Lawyer,7,High,3,C
460626,Male,Yes,47,No,Doctor,8,High,4,D
460627,Female,No,22,No,Healthcare,1,Low,4,B
460633,Male,Yes,35,Yes,Lawyer,8,High,2,C
460634,Female,No,40,No,Entertainment,7,Low,6,A
460637,Female,No,18,No,Healthcare,1,Low,1,A
460638,Female,No,26,Yes,Artist,0,Low,4,D
460639,Female,Yes,73,Yes,Lawyer,5,Low,5,A
460640,Male,Yes,86,,Lawyer,4,Low,1,C
460645,Female,No,37,No,Doctor,1,Low,2,B
460646,Male,Yes,59,Yes,Entertainment,3,Low,40,A
460653,Female,No,28,No,Homemaker,8,Low,1,B
460656,Female,Yes,29,Yes,Artist,9,Low,3,A
460658,Female,Yes,37,Yes,Marketing,7,Average,3,D
460659,Female,Yes,46,Yes,Marketing,2,Average,3,A
460660,Male,No,39,,Entertainment,6,Low,1,B
460661,Female,No,33,No,Homemaker,8,Low,1,D
460668,Female,No,32,Yes,Doctor,1,Low,2,D
460678,Female,No,32,No,Doctor,6,Low,2,A
460686,Female,No,25,No,Homemaker,8,Low,1,D
460687,Female,Yes,48,Yes,Homemaker,9,Average,2,C
460691,Female,No,27,No,Homemaker,8,Low,1,B
460702,Female,No,49,Yes,Artist,1,Low,1,A
460703,Female,Yes,33,Yes,Engineer,8,Average,5,A
460706,Female,No,33,No,Engineer,7,Low,6,C
460708,Male,Yes,39,Yes,Artist,0,Low,3,A
460716,Male,Yes,50,Yes,Entertainment,0,Average,4,B
460719,Female,Yes,84,Yes,Lawyer,0,Low,1,A
460720,Female,Yes,46,Yes,Artist,0,Average,2,B
460722,Male,Yes,31,No,Entertainment,0,Average,3,A
460726,Male,Yes,57,Yes,Artist,3,Average,2,B
460727,Male,Yes,73,No,Executive,1,High,4,B
460729,Male,Yes,36,Yes,Entertainment,9,Low,4,A
460733,Male,No,53,Yes,Marketing,2,Low,4,C
460734,Male,Yes,41,Yes,Entertainment,9,Average,1,B
460738,Female,No,53,No,Engineer,0,Low,2,B
460740,Male,Yes,35,Yes,Artist,2,Average,3,C
460743,Male,Yes,62,Yes,Artist,0,Average,3,C
460746,Male,No,23,No,Marketing,0,Low,3,A
460763,Male,No,51,Yes,Artist,1,Low,2,C
460769,Female,Yes,83,No,Lawyer,1,High,2,A
460780,Female,No,26,Yes,Healthcare,0,Low,2,B
460783,Male,Yes,86,Yes,Lawyer,1,Low,1,C
460785,Male,No,26,Yes,Healthcare,0,Low,4,D
460789,Male,Yes,42,Yes,Executive,0,Low,3,D
460794,Female,Yes,41,Yes,Homemaker,9,Low,1,A
460796,Male,Yes,67,No,Lawyer,0,Low,3,B
460802,Male,Yes,68,Yes,Lawyer,1,High,2,A
460811,Female,Yes,45,No,Engineer,0,High,2,A
460813,Female,Yes,86,No,Lawyer,0,High,2,A
460815,Male,Yes,62,Yes,Artist,0,High,2,A
460822,Male,Yes,42,Yes,Artist,1,Low,2,A
460825,Male,No,26,Yes,Doctor,0,Low,3,C
460828,Male,No,48,No,Entertainment,1,Low,1,C
460830,Male,Yes,40,No,Entertainment,3,Average,5,B
460831,Male,No,20,No,Healthcare,0,Low,4,C
460837,Female,No,25,Yes,Artist,1,Low,1,D
460838,Male,No,37,Yes,Artist,1,Low,1,D
460840,Male,Yes,77,Yes,Lawyer,1,Low,1,D
460844,Male,Yes,50,Yes,Healthcare,5,Low,2,D
460846,Female,No,22,No,Marketing,0,Low,4,D
460847,Male,No,26,Yes,Artist,1,Low,3,A
460851,Male,Yes,71,No,Doctor,0,Average,3,D
460855,Male,Yes,50,Yes,Artist,5,Low,2,A
460857,Male,No,29,No,Entertainment,1,Low,1,D
460859,Male,Yes,51,Yes,Entertainment,5,Low,4,A
460860,Male,Yes,52,Yes,Artist,6,Average,4,C
460861,Male,No,20,No,Healthcare,1,Low,3,A
460866,Male,No,26,Yes,Doctor,0,Low,9,B
460870,Male,No,37,Yes,Healthcare,5,Low,2,C
460871,Female,No,33,Yes,Healthcare,5,Low,2,B
460872,Female,Yes,39,Yes,Artist,0,Low,2,B
460877,Female,Yes,53,No,Artist,1,Average,5,B
460878,Male,Yes,49,No,Entertainment,0,Average,4,D
460882,Male,No,21,No,Healthcare,0,Low,2,D
460888,Male,Yes,39,No,Homemaker,8,Low,1,B
460891,Female,Yes,38,No,Artist,2,Average,4,B
460897,Male,No,22,No,Healthcare,4,Low,4,B
460898,Male,Yes,52,No,Artist,2,Average,4,D
460899,Male,No,40,Yes,Entertainment,5,Low,3,C
460901,Male,No,20,No,Doctor,8,Low,3,A
460902,Male,No,41,Yes,Executive,1,Low,3,D
460905,Male,No,30,Yes,Artist,1,Low,1,A
460906,Female,Yes,89,Yes,Lawyer,1,High,3,D
460907,Male,Yes,83,No,Lawyer,1,High,3,A
460923,Male,Yes,53,Yes,Artist,0,Average,3,A
460924,Male,No,31,No,Doctor,1,Low,5,D
460928,Male,Yes,48,Yes,Artist,1,Average,4,C
460934,Female,No,29,No,Doctor,0,Low,2,A
460935,Male,Yes,87,Yes,Lawyer,0,Low,1,D
460945,Male,No,19,No,Engineer,4,Low,7,A
460953,Male,Yes,60,No,Entertainment,1,Low,2,B
460961,Male,No,23,No,Healthcare,1,Low,2,D
460962,Male,Yes,61,Yes,Executive,9,High,4,D
460963,Female,No,27,Yes,Artist,1,Low,3,A
460968,Male,Yes,32,No,Doctor,14,Average,2,D
460975,Male,Yes,79,,Lawyer,0,High,2,C
460976,Male,No,19,No,Healthcare,1,Low,4,D
460977,Male,Yes,42,Yes,Executive,0,High,3,C
460979,Male,Yes,76,No,Lawyer,1,Low,1,D
460981,Female,Yes,41,No,Marketing,1,Average,2,D
460984,Male,Yes,38,Yes,Entertainment,0,Average,4,D
460988,Male,Yes,43,Yes,Entertainment,0,Average,3,B
460989,Male,No,19,No,Healthcare,1,Low,3,D
460991,Female,No,28,Yes,Healthcare,1,Low,3,B
460993,Male,Yes,56,Yes,Artist,0,Average,4,C
460999,Male,No,28,Yes,Engineer,0,Low,3,C
461000,Male,Yes,60,No,Marketing,1,High,2,A
461001,Female,No,55,Yes,Artist,0,Low,1,B
461015,Male,Yes,35,Yes,Entertainment,1,Average,2,D
461016,Male,No,25,No,Healthcare,5,Low,5,A
461022,Male,Yes,71,Yes,Artist,1,Low,1,D
461023,Male,Yes,65,No,Lawyer,5,High,2,D
461024,Male,Yes,74,Yes,Lawyer,1,Low,1,B
461028,Female,No,20,No,Healthcare,5,Low,4,D
461029,Male,Yes,43,No,Entertainment,9,Low,2,B
461034,Female,No,20,No,Marketing,3,Low,6,D
461037,Male,Yes,40,Yes,Healthcare,7,High,5,C
461038,Female,Yes,46,Yes,Engineer,0,High,5,C
461041,Female,Yes,65,No,Lawyer,1,High,7,A
461042,Male,No,21,No,Healthcare,0,Low,1,D
461043,Male,Yes,50,No,Healthcare,1,Low,7,B
461044,Male,No,18,No,Healthcare,0,Low,5,D
461049,Female,Yes,61,Yes,Doctor,1,Low,7,A
461050,Male,Yes,49,Yes,Doctor,1,High,3,C
461053,Male,Yes,39,No,Executive,7,High,4,D
461059,Female,Yes,52,No,Lawyer,1,High,2,B
461060,Male,Yes,56,Yes,Executive,0,High,5,C
461065,Male,Yes,55,Yes,Executive,7,Low,6,C
461071,Male,Yes,42,No,Engineer,1,Average,5,A
461078,Female,No,33,No,Homemaker,0,Low,6,D
461082,Male,No,19,No,Healthcare,8,Low,4,A
461085,Female,No,27,No,Engineer,1,Low,1,D
461093,Female,Yes,38,Yes,Artist,1,Average,4,C
461099,Female,No,38,No,Artist,1,Low,4,D
461111,Female,Yes,43,Yes,Doctor,8,Low,1,B
461114,Male,Yes,53,Yes,Artist,1,Average,4,A
461116,Male,Yes,33,No,Executive,4,High,4,B
461118,Female,No,30,Yes,Healthcare,7,Low,2,A
461119,Female,No,22,No,Healthcare,6,Low,3,C
461121,Male,No,33,No,Doctor,0,Low,4,B
461124,Male,No,21,No,Healthcare,1,Low,8,D
461127,Male,No,20,No,Healthcare,1,Low,5,D
461128,Male,No,19,No,Healthcare,7,Low,3,C
461129,Female,Yes,58,Yes,Entertainment,1,Average,4,C
461131,Male,Yes,67,Yes,Artist,1,High,2,B
461145,Female,Yes,36,Yes,Entertainment,1,Low,2,A
461152,Female,No,30,No,Homemaker,8,Low,4,A
461154,Male,No,23,No,Homemaker,1,Low,4,A
461158,Female,No,42,Yes,Entertainment,1,Low,4,D
461162,Female,No,37,No,Marketing,8,Low,3,A
461163,Female,Yes,58,No,Entertainment,9,Low,4,C
461168,Female,Yes,26,No,Engineer,7,Average,2,B
461169,Male,No,39,Yes,Entertainment,9,Low,2,B
461174,Female,No,23,No,Marketing,5,Low,4,A
461177,Male,Yes,41,No,Executive,8,Average,4,A
461178,Male,Yes,26,No,Entertainment,0,Low,3,D
461179,Female,Yes,25,No,Engineer,3,Low,3,D
461181,Male,No,19,No,Healthcare,5,Low,4,D
461183,Male,No,36,No,Executive,0,Low,5,A
461187,Male,No,29,No,Healthcare,9,Low,4,A
461197,Male,No,26,No,Marketing,1,Low,1,A
461198,Female,No,78,Yes,Lawyer,5,Low,1,C
461201,Female,No,55,Yes,Artist,5,Low,1,A
461205,Male,No,26,Yes,Healthcare,5,Low,3,D
461211,Female,No,46,Yes,Entertainment,0,Low,1,C
461214,Male,No,29,No,Healthcare,0,Low,4,D
461215,Female,No,36,Yes,Artist,10,Low,1,B
461218,Male,Yes,27,No,Executive,1,Low,6,D
461220,Female,No,29,No,Executive,8,Low,3,C
461221,Female,No,25,No,Marketing,1,Low,4,B
461225,Female,No,30,No,Marketing,10,Low,6,A
461226,Male,Yes,45,Yes,Lawyer,1,Low,2,A
461230,Female,No,21,No,Executive,0,Low,1,A
461232,Female,Yes,41,Yes,Executive,4,High,2,A
461233,Male,Yes,38,Yes,Entertainment,4,Low,3,C
461236,Female,No,28,Yes,Healthcare,9,Low,1,A
461237,Male,No,33,Yes,Doctor,1,Low,5,A
461241,Male,Yes,31,Yes,Healthcare,7,Low,2,A
461242,Male,Yes,45,Yes,Healthcare,0,Low,2,A
461243,Male,Yes,47,Yes,Marketing,0,Low,5,A
461248,Female,No,39,No,Healthcare,0,Low,1,B
461251,Female,No,47,Yes,Marketing,1,Low,4,C
461252,Female,Yes,53,Yes,Doctor,0,Low,1,D
461256,Male,No,27,No,Doctor,1,Low,4,B
461257,Male,Yes,37,Yes,Engineer,1,Average,2,D
461258,Female,Yes,62,Yes,Artist,1,Average,3,B
461262,Female,No,29,No,Engineer,0,Low,7,C
461263,Female,Yes,51,Yes,Artist,0,Low,1,B
461265,Male,No,30,No,Marketing,1,Low,6,B
461269,Male,No,18,No,Entertainment,0,Low,4,B
461274,Female,Yes,87,Yes,Lawyer,60,High,2,C
461276,Male,Yes,68,Yes,Marketing,0,Low,2,B
461277,Male,Yes,84,Yes,Lawyer,5,Low,1,D
461281,Male,No,22,No,Healthcare,2,Low,9,D
461286,Female,No,22,No,Doctor,2,Low,4,D
461289,Male,No,21,No,Healthcare,1,Low,3,D
461292,Female,Yes,89,No,Lawyer,65,High,2,C
461297,Male,Yes,73,No,Lawyer,0,High,2,B
461299,Female,Yes,75,Yes,Lawyer,0,High,2,C
461303,Female,No,20,No,Doctor,6,Low,4,A
461308,Male,No,22,No,Healthcare,1,Low,2,D
461309,Female,No,22,No,Healthcare,0,Low,4,D
461313,Male,Yes,63,Yes,Artist,0,Average,2,B
461314,Male,Yes,46,Yes,Artist,1,Average,3,D
461319,Male,Yes,58,No,Artist,0,Average,2,B
461320,Female,No,41,Yes,Artist,1,Low,3,B
461322,Male,Yes,42,Yes,Artist,0,Average,2,A
461323,Female,Yes,43,Yes,Healthcare,6,Average,2,B
461324,Female,No,49,Yes,Artist,3,Low,1,D
461326,Female,No,40,Yes,Artist,0,Low,1,A
461335,Male,Yes,53,No,Executive,8,High,2,D
461340,Male,Yes,36,Yes,Artist,4,Average,2,B
461346,Male,Yes,50,Yes,Artist,8,Low,2,D
461348,Male,Yes,42,Yes,Healthcare,1,Low,1,D
461350,Male,No,30,No,Healthcare,0,Low,4,D
461352,Male,No,29,No,Healthcare,2,Low,5,D
461356,Male,No,28,Yes,Entertainment,1,Low,2,B
461357,Male,No,27,Yes,Healthcare,1,Low,4,D
461363,Male,No,49,Yes,Artist,0,Low,1,A
461366,Male,No,32,Yes,Healthcare,1,Low,1,D
461370,Male,No,25,Yes,Doctor,1,Low,3,A
461377,Female,Yes,63,Yes,Artist,40,Low,1,B
461378,Female,No,42,Yes,Artist,8,Low,1,B
461379,Male,No,31,Yes,Healthcare,1,Low,,B
461383,Male,Yes,71,Yes,Artist,0,High,2,A
461388,Male,No,20,No,Healthcare,0,Low,5,B
461397,Male,No,22,No,Healthcare,1,Low,4,D
461402,Female,No,29,Yes,Entertainment,1,Low,5,A
461408,Male,Yes,47,Yes,Marketing,0,Low,3,A
461421,Male,Yes,43,Yes,Artist,5,Average,3,B
461423,Male,No,32,Yes,Artist,1,Low,3,D
461426,Male,Yes,47,Yes,Artist,7,Average,2,A
461428,Male,No,46,Yes,Artist,0,Low,1,B
461432,Female,Yes,41,Yes,Artist,1,Average,2,D
461437,Male,Yes,37,Yes,Entertainment,0,Average,2,B
461439,Male,Yes,40,Yes,Artist,0,Average,2,A
461441,Male,Yes,60,Yes,Artist,0,Average,4,A
461442,Male,Yes,46,Yes,Artist,0,Average,6,D
461454,Female,Yes,36,Yes,Artist,6,High,4,B
461456,Female,No,38,No,Marketing,0,Low,1,B
461457,Female,Yes,32,No,Doctor,0,Low,5,A
461458,Female,No,41,Yes,Artist,5,Low,1,D
461462,Male,Yes,56,Yes,Marketing,0,Low,3,A
461465,Male,Yes,31,Yes,Artist,8,Average,2,D
461466,Male,Yes,45,No,Artist,0,Low,2,A
461468,Male,Yes,69,Yes,Entertainment,5,Average,3,C
461469,Male,Yes,37,Yes,Artist,0,Low,2,A
461476,Male,Yes,47,Yes,Artist,1,Average,4,D
461479,Female,Yes,52,Yes,Artist,1,Average,3,C
461480,Female,Yes,57,Yes,Artist,1,High,3,A
461482,Female,No,50,Yes,Artist,9,Low,1,A
461494,Male,Yes,27,No,Engineer,0,Average,2,D
461501,Female,Yes,45,Yes,Engineer,1,High,3,B
461503,Female,No,30,Yes,Artist,8,Low,2,D
461510,Male,Yes,45,Yes,Artist,0,Low,2,B
461514,Male,No,30,No,Healthcare,1,Low,4,C
461516,Male,Yes,31,Yes,Entertainment,1,Average,3,A
461518,Female,Yes,45,Yes,Artist,1,Average,4,C
461521,Male,Yes,67,Yes,Artist,0,High,2,B
461522,Male,Yes,76,No,Executive,1,High,2,A
461525,Male,Yes,69,Yes,Entertainment,0,Low,2,D
461526,Male,Yes,83,No,Entertainment,0,Low,2,A
461530,Male,Yes,38,Yes,Engineer,0,Low,2,D
461534,Male,Yes,36,Yes,Artist,0,Low,1,A
461540,Male,No,41,Yes,Artist,2,Low,2,A
461546,Female,Yes,69,No,Lawyer,0,Low,3,C
461548,Female,No,33,Yes,Engineer,0,Low,3,A
461553,Male,No,38,Yes,Artist,1,Low,3,C
461556,Female,Yes,48,Yes,Engineer,1,Average,2,B
461558,Male,Yes,51,Yes,Engineer,2,Average,2,C
461564,Male,Yes,56,Yes,Executive,1,High,2,A
461570,Male,Yes,57,Yes,Artist,0,Average,3,D
461574,Female,Yes,49,Yes,Artist,1,Average,3,B
461587,Male,No,30,Yes,Healthcare,0,Low,3,D
461593,Female,Yes,40,Yes,Doctor,8,Average,2,B
461602,Female,No,30,Yes,Artist,0,Low,2,D
461604,Male,Yes,38,No,Entertainment,0,Average,2,D
461612,Female,No,31,Yes,Healthcare,8,Low,5,D
461615,Male,No,33,Yes,Doctor,0,Low,2,C
461617,Male,No,50,Yes,Artist,0,Low,2,A
461619,Male,Yes,52,Yes,Executive,0,High,3,C
461624,Female,Yes,39,Yes,Artist,0,Average,2,D
461626,Male,Yes,73,Yes,Executive,0,High,2,C
461630,Male,Yes,46,Yes,Artist,0,Average,3,C
461637,Male,Yes,50,Yes,Artist,0,Low,2,C
461644,Male,No,30,No,Healthcare,0,Low,6,D
461653,Female,Yes,60,Yes,Doctor,0,Average,2,D
461655,Female,Yes,39,Yes,Homemaker,9,Average,2,D
461658,Female,Yes,59,Yes,Artist,1,Average,2,B
461659,Female,Yes,51,Yes,Artist,0,Average,2,C
461661,Female,Yes,40,Yes,Artist,5,Average,2,B
461663,Male,No,23,No,Healthcare,1,Low,3,D
461668,Male,Yes,53,Yes,Artist,4,Average,4,C
461671,Male,No,32,No,Healthcare,7,Low,5,A
461674,Male,Yes,52,Yes,Executive,0,High,4,B
461676,Female,No,31,Yes,Engineer,0,Low,1,D
461679,Male,No,30,Yes,Healthcare,3,Low,4,A
461681,Male,No,25,Yes,Healthcare,8,Low,3,D
461683,Male,Yes,40,Yes,Executive,1,High,4,A
461685,Female,No,27,Yes,Healthcare,4,Low,4,A
461686,Male,Yes,61,Yes,Artist,0,Low,2,A
461690,Female,No,33,Yes,Engineer,1,Low,1,A
461694,Male,No,28,Yes,Doctor,1,Low,4,A
461695,Female,Yes,48,Yes,Artist,2,Average,2,C
461698,Female,Yes,73,Yes,Artist,0,High,2,B
461701,Male,Yes,36,No,Artist,0,Average,2,D
461705,Female,No,32,No,Healthcare,0,Low,4,A
461708,Male,Yes,82,No,Lawyer,0,High,2,A
461709,Male,No,28,Yes,Artist,1,Low,3,D
461711,Female,No,42,Yes,Artist,8,Low,3,D
461716,Female,Yes,60,Yes,Lawyer,6,High,9,B
461720,Female,No,46,Yes,Artist,1,Low,1,A
461722,Male,No,31,No,Doctor,0,Low,3,C
461724,Female,Yes,50,Yes,Artist,1,Low,1,C
461725,Female,No,30,Yes,Engineer,3,Low,1,A
461727,Female,No,49,Yes,Artist,1,Low,3,D
461737,Female,Yes,51,Yes,Doctor,0,Average,6,C
461738,Female,Yes,46,Yes,Lawyer,0,Average,3,A
461744,Male,Yes,53,Yes,Artist,0,Average,4,B
461747,Male,Yes,65,Yes,Artist,0,High,2,A
461749,Female,No,22,No,Healthcare,0,Low,5,D
461752,Male,Yes,65,Yes,Doctor,1,Average,3,C
461756,Female,Yes,39,Yes,Engineer,0,Average,2,A
461760,Male,Yes,84,Yes,Artist,0,High,2,D
461769,Male,No,37,Yes,Artist,0,Low,1,C
461771,Male,Yes,28,Yes,Doctor,8,Average,2,D
461775,Female,Yes,82,No,Lawyer,0,High,2,A
461778,Female,Yes,87,Yes,Lawyer,0,High,2,A
461780,Female,No,69,Yes,Lawyer,1,Low,5,D
461782,Female,Yes,51,Yes,Artist,11,High,5,B
461784,Female,Yes,74,Yes,Lawyer,1,Low,1,B
461788,Female,Yes,79,Yes,Lawyer,1,High,2,A
461791,Female,No,21,No,Lawyer,9,Low,1,D
461792,Female,No,20,No,Healthcare,5,Low,5,D
461800,Female,No,43,Yes,Doctor,3,Low,1,A
461801,Female,No,25,No,Healthcare,1,Low,3,A
461802,Male,No,43,Yes,Artist,0,Low,4,B
461804,Female,No,42,Yes,Artist,1,Low,1,D
461807,Male,No,25,Yes,Doctor,10,Low,4,A
461815,Male,Yes,59,Yes,Artist,0,Low,1,A
461816,Female,No,49,Yes,Marketing,0,Low,5,D
461821,Female,No,32,No,Doctor,1,Low,4,A
461822,Male,Yes,36,Yes,Artist,8,High,2,A
461824,Male,Yes,45,Yes,Marketing,9,Low,3,A
461832,Male,No,29,Yes,Healthcare,9,Low,3,A
461837,Male,Yes,37,Yes,Artist,0,Low,2,C
461845,Female,Yes,48,Yes,Doctor,1,Average,4,D
461846,Female,No,65,Yes,Artist,0,Low,2,C
461848,Male,No,39,No,Marketing,1,Low,2,A
461858,Male,No,25,No,Entertainment,1,Low,7,A
461859,Female,Yes,49,No,Artist,5,Low,5,D
461860,Female,Yes,77,Yes,Lawyer,1,High,2,D
461862,Female,No,38,Yes,Artist,9,Low,1,A
461864,Male,No,19,Yes,Marketing,0,Low,6,D
461872,Female,Yes,76,Yes,Lawyer,1,High,2,A
461873,Male,No,28,Yes,Doctor,0,Low,4,A
461874,Male,Yes,51,Yes,Doctor,1,Average,3,B
461882,Female,No,28,Yes,Doctor,0,Low,5,D
461892,Female,No,42,Yes,Healthcare,0,Low,1,A
461896,Male,Yes,45,Yes,Artist,1,Low,1,A
461898,Male,Yes,63,Yes,Executive,6,High,3,D
461899,Female,No,18,No,Doctor,0,Low,6,A
461901,Male,No,26,Yes,Artist,7,Low,4,D
461910,Male,Yes,31,Yes,Artist,5,Average,2,D
461913,Male,No,43,Yes,Entertainment,5,Low,4,B
461914,Female,Yes,60,Yes,Artist,7,Low,,A
461921,Female,No,36,Yes,Artist,0,Low,1,A
461927,Male,No,32,No,Healthcare,1,Low,4,A
461928,Male,Yes,68,Yes,Lawyer,4,Low,1,A
461929,Male,Yes,60,Yes,Entertainment,1,Low,1,C
461930,Female,No,42,Yes,Artist,0,Low,1,B
461931,Female,No,18,No,Healthcare,6,Low,5,D
461936,Male,Yes,69,No,Lawyer,0,High,2,D
461937,Female,No,42,Yes,Doctor,0,Low,,B
461941,Female,Yes,70,Yes,Artist,1,Low,1,C
461943,Male,No,25,Yes,Healthcare,1,Low,3,C
461962,Male,Yes,56,Yes,Entertainment,1,Average,3,A
461963,Female,No,40,Yes,Artist,9,Low,1,D
461965,Male,No,23,No,Healthcare,1,Low,6,B
461967,Female,No,20,No,Marketing,3,Low,4,D
461968,Female,No,39,Yes,Entertainment,2,Low,1,D
461978,Female,No,19,No,Healthcare,0,Low,4,D
461985,Male,No,28,Yes,Entertainment,3,Low,,D
461988,Male,Yes,40,No,Engineer,1,Average,2,C
461989,Female,Yes,60,Yes,Engineer,1,Average,4,B
461993,Male,No,33,No,Healthcare,3,Low,4,D
461994,Male,Yes,20,No,Doctor,14,Low,2,B
461996,Female,No,35,No,Artist,7,Low,4,A
461999,Male,No,27,Yes,Doctor,0,Low,5,B
462007,Female,Yes,42,Yes,Artist,1,Average,2,D
462011,Male,Yes,30,No,Marketing,0,Low,4,C
462013,Female,Yes,56,Yes,Executive,0,Average,2,C
462015,Male,Yes,28,Yes,Entertainment,0,Average,2,D
462016,Female,Yes,38,Yes,Artist,6,Average,2,A
462017,Male,No,26,Yes,Entertainment,9,Low,1,A
462027,Male,No,36,No,Engineer,0,Low,1,B
462029,Male,No,56,No,Entertainment,0,Low,1,A
462033,Male,No,26,Yes,Entertainment,0,Low,1,D
462038,Male,No,28,Yes,Artist,4,Low,4,C
462043,Male,No,32,No,Healthcare,0,Low,5,D
462044,Female,No,52,Yes,Artist,4,Low,1,B
462048,Female,No,23,No,Healthcare,0,Low,4,D
462051,Male,No,23,No,Healthcare,2,Low,5,D
462052,Male,Yes,50,Yes,Artist,0,Low,2,C
462053,Male,Yes,26,Yes,Artist,1,Low,2,D
462058,Male,Yes,40,Yes,Entertainment,8,Low,2,A
462060,Female,Yes,53,Yes,Artist,1,Average,2,C
462064,Male,Yes,63,Yes,Artist,0,Average,3,D
462068,Male,Yes,62,Yes,Executive,0,High,3,B
462075,Female,No,38,Yes,Artist,1,Low,1,C
462078,Female,Yes,57,No,Artist,1,Average,2,B
462080,Female,No,43,Yes,Artist,9,Low,1,A
462081,Male,No,21,No,Marketing,1,Low,3,B
462083,Male,No,22,No,Healthcare,0,Low,5,A
462084,Male,Yes,68,Yes,Artist,1,Low,1,C
462085,Female,No,28,Yes,Healthcare,0,Low,1,D
462088,Male,Yes,33,Yes,Artist,0,Average,2,A
462090,Female,No,38,Yes,Artist,8,Low,1,C
462091,Male,No,23,No,Healthcare,0,Low,5,D
462094,Female,No,41,Yes,Healthcare,9,Low,1,A
462096,Female,No,41,Yes,Homemaker,8,Low,1,C
462102,Female,No,39,Yes,Doctor,4,Low,1,A
462103,Female,Yes,49,No,Entertainment,9,High,2,A
462108,Female,Yes,33,Yes,Homemaker,12,Average,2,D
462109,Male,Yes,79,No,Lawyer,0,Low,1,D
462111,Male,Yes,38,Yes,Artist,6,Average,4,A
462114,Male,No,21,No,Healthcare,1,Low,4,D
462116,Female,Yes,68,Yes,Doctor,0,Average,2,B
462118,Male,No,31,Yes,Artist,0,Low,3,B
462120,Male,Yes,46,No,Artist,1,Low,3,C
462128,Male,Yes,35,Yes,Artist,9,Average,2,D
462131,Female,No,42,Yes,Artist,8,Low,3,C
462134,Male,Yes,87,No,Lawyer,0,Low,1,A
462141,Female,No,38,Yes,Artist,8,Low,1,A
462149,Female,Yes,88,No,Lawyer,2,High,1,C
462151,Female,No,42,Yes,Artist,9,Low,1,C
462163,Female,Yes,26,Yes,Artist,4,Average,2,D
462168,Male,Yes,35,Yes,Executive,0,High,3,A
462171,Female,Yes,41,No,Engineer,3,High,2,C
462172,Male,Yes,37,Yes,Doctor,1,Average,2,D
462174,Female,Yes,41,Yes,Engineer,8,Average,4,B
462177,Male,No,35,,Artist,6,Low,5,B
462179,Female,No,33,Yes,Marketing,0,Low,9,C
462180,Female,Yes,61,Yes,Engineer,2,Average,4,A
462186,Female,No,19,No,Doctor,1,Low,3,A
462187,Female,No,50,Yes,Artist,4,Low,1,B
462188,Female,Yes,48,No,Engineer,0,Average,4,C
462196,Male,Yes,57,No,Marketing,1,Average,3,B
462197,Female,Yes,72,No,Engineer,1,Average,3,A
462198,Female,No,39,No,Engineer,4,Low,4,B
462200,Female,Yes,49,Yes,Doctor,0,Low,3,A
462202,Female,No,41,Yes,Entertainment,0,Low,4,A
462203,Male,Yes,65,No,Executive,2,High,7,A
462204,Female,No,22,No,Marketing,0,Low,3,D
462205,Female,No,23,No,Healthcare,0,Low,4,C
462209,Female,Yes,41,No,Artist,0,Low,1,B
462210,Female,Yes,42,Yes,Engineer,0,Low,3,A
462211,Male,No,18,No,Healthcare,0,Low,3,D
462214,Male,Yes,49,No,Doctor,1,Low,2,A
462216,Female,Yes,40,No,Doctor,0,Low,2,A
462218,Male,Yes,50,No,Executive,1,Average,5,D
462220,Female,No,19,No,Healthcare,6,Low,3,D
462222,Male,No,22,No,Healthcare,0,Low,6,D
462229,Male,No,23,No,Healthcare,1,Low,8,B
462231,Male,No,27,Yes,Artist,4,Low,6,A
462232,Male,Yes,55,No,Executive,0,High,8,B
462234,Male,Yes,32,No,Doctor,1,Average,6,B
462238,Male,Yes,57,No,Entertainment,5,Low,2,B
462240,Male,Yes,80,No,Lawyer,0,High,2,A
462243,Male,Yes,43,No,Executive,0,Low,4,B
462246,Female,Yes,79,No,Lawyer,1,High,2,A
462249,Male,No,25,No,Entertainment,1,Low,3,A
462256,Female,Yes,58,Yes,Homemaker,0,Average,4,B
462257,Female,Yes,78,Yes,Lawyer,5,High,2,A
462260,Male,Yes,76,Yes,Lawyer,1,Low,2,D
462262,Male,No,27,No,Healthcare,1,Low,3,D
462274,Male,Yes,47,Yes,Artist,1,Average,3,D
462275,Male,Yes,43,Yes,Artist,1,Average,2,C
462278,Male,No,31,Yes,Healthcare,1,Low,4,A
462279,Male,No,27,No,Healthcare,0,Low,7,B
462280,Male,No,31,Yes,Healthcare,0,Low,4,A
462281,Male,Yes,46,Yes,Artist,1,Low,2,D
462284,Male,Yes,48,Yes,Executive,1,Average,4,C
462285,Male,Yes,51,Yes,Doctor,30,Low,2,C
462286,Male,Yes,57,No,Doctor,0,Average,2,C
462290,Female,No,30,Yes,Doctor,0,Low,1,B
462291,Female,No,37,Yes,Marketing,10,Low,3,B
462297,Female,No,31,Yes,Artist,14,Low,2,D
462300,Male,Yes,49,Yes,Artist,1,Average,3,D
462304,Male,Yes,56,Yes,Artist,1,Low,4,C
462306,Male,Yes,83,No,Lawyer,8,High,2,B
462309,Male,No,32,Yes,Healthcare,11,Low,1,B
462310,Male,Yes,63,Yes,Artist,5,Average,4,A